mmode,avg_rank,count,diff_estimate
0,48.785714285714285,42,2.955665024630541
1,51.741379310344826,58,2.955665024630541
